{
"years": [
2025,
2026,
2027,
2028,
2029,
2030,
2031,
2032,
2033,
2034,
2035
],
"lines": [
"TSC0",
"TSC1",
"TSC2",
"TSC3",
"TSC4a",
"TSC4b",
"TSLR016",
"TSC1cs"
],
"groups": {
"MS": {
"TSC0": [
0.0,
0.0,
0.0,
0.0,
0.0,
0.0,
0.0,
0.0,
0.0,
0.0,
0.0
],
"TSC1": [
1.2538538447999998,
1.7003958324999997,
2.1933380855999998,
2.6442578586,
3.0621660485,
3.3925651595,
3.6400260513,
3.8337191076,
3.9689620731999997,
4.0749037779,
4.1412058169999995
],
"TSC2": [
26.27617627572406,
38.57963725254276,
49.71671612840124,
60.02996068628777,
69.01512515963044,
77.0636680794498,
83.36243749104851,
88.21219895163335,
92.15522136353442,
95.19003799004773,
97.66289853324392
],
"TSC3": [
0.2531629611411604,
0.2531629611411604,
0.2531629611411604,
0.2531629611411604,
0.2531629611411604,
0.2531629611411604,
0.2531629611411604,
0.2531629611411604,
0.2531629611411604,
0.2531629611411604,
0.2531629611411604
],
"TSC4a": [
2.4158337307999997,
3.4040122046,
4.573454492100001,
5.7371212095,
6.89261394,
7.9308674880000005,
8.782531534,
9.4773903257,
10.020254201,
10.4701089847,
10.8166349708
],
"TSC4b": [
0.1976,
0.1976,
0.1976,
0.1976,
0.1976,
0.1976,
0.1976,
0.1976,
0.1976,
0.1976,
0.1976
],
"TSLR016": [
0.06933975749999999,
0.0645677037,
0.060152394799999995,
0.0552548409,
0.0504496596,
0.0460788294,
0.0421927353,
0.038886894199999994,
0.0359360351,
0.0332187903,
0.030547598699999998
],
"TSC1cs": [
0.0,
0.0,
0.0,
0.0,
0.0,
0.0,
0.0,
0.0,
0.0,
0.0,
0.0
]
},
"HI": {
"TSC0": [
0.0,
0.0,
0.0,
0.0,
0.0,
0.0,
0.0,
0.0,
0.0,
0.0,
0.0
],
"TSC1": [
0.21791595570000002,
0.26367193350000007,
0.313502625,
0.3631264495,
0.4098155677,
0.45358273,
0.4947264151,
0.5334552213999999,
0.5700729822,
0.6049069129,
0.6382437199000001
],
"TSC2": [
1.697574741,
2.019583521,
2.3727473613,
2.7119389729000005,
3.0450754568,
3.3763790886000002,
3.7085511803,
4.0436810367,
4.3834108306,
4.7290385216,
5.0814889881
],
"TSC3": [
0.04190288466496725,
0.04190288466496725,
0.04190288466496725,
0.04190288466496725,
0.04190288466496725,
0.04190288466496725,
0.04190288466496725,
0.04190288466496725,
0.04190288466496725,
0.04190288466496725,
0.04190288466496725
],
"TSC4a": [
0.23174930100000002,
0.27570925560000004,
0.3239224336,
0.3702281526,
0.4157072386,
0.46093610749999997,
0.5062835356000001,
0.5520347526999999,
0.5984139434,
0.6455983021999999,
0.6937140920000001
],
"TSC4b": [
0.0,
0.0,
0.0,
0.0,
0.0,
0.0,
0.0,
0.0,
0.0,
0.0,
0.0
],
"TSLR016": [
0.0317447842,
0.0384102609,
0.045669318699999996,
0.05289824190000001,
0.05969965309999999,
0.06607540919999999,
0.0720689925,
0.07771078959999998,
0.08304506160000001,
0.088119475,
0.0929757954
],
"TSC1cs": [
0.0,
0.0,
0.0,
0.0,
0.0,
0.0,
0.0,
0.0,
0.0,
0.0,
0.0
]
},
"PN": {
"TSC0": [
0.0,
0.0,
0.0,
0.0,
0.0,
0.0,
0.0,
0.0,
0.0,
0.0,
0.0
],
"TSC1": [
19.4093951135,
21.107919831000004,
22.3452551452,
23.664973198000002,
24.9488647632,
26.680255968900003,
28.764837692599997,
31.565827536,
34.7073026253,
38.00366408229999,
41.541709501599996
],
"TSC2": [
1.646422673,
1.7066302532000002,
1.8167579359000003,
1.9513422964000002,
2.1093185654999997,
2.2890310653,
2.4906542653,
2.7221031761999996,
2.9887794219000003,
3.2947304598000002,
3.6440601583000003
],
"TSC3": [
6.292376070223184,
6.539914444847506,
6.79546063352726,
7.092226163965492,
7.444397220136633,
7.856563769298503,
8.336756493916862,
8.888887659439536,
9.516397994965121,
10.221950715383548,
11.010346670095254
],
"TSC4a": [
4.509962957134673,
4.669889217244608,
4.862443734104339,
5.27894591072271,
5.813809570392303,
6.416307432849027,
7.110474209526375,
7.868745501566352,
8.679147696107448,
9.555084741520375,
10.514540991053197
],
"TSC4b": [
0.0,
0.0,
0.0,
0.0,
0.0,
0.0,
0.0,
0.0,
0.0,
0.0,
0.0
],
"TSLR016": [
0.0,
0.0,
0.0,
0.0,
0.0,
0.0,
0.0,
0.0,
0.0,
0.0,
0.0
],
"TSC1cs": [
0.0,
0.0,
0.0,
0.0,
0.0,
0.0,
0.0,
0.0,
0.0,
0.0,
0.0
]
},
"Other": {
"TSC0": [
1.8211640000000018,
2.0891558408752733,
2.357170180428762,
2.6251775231406604,
2.893160856173154,
3.1611202546738433,
3.429058293544517,
3.6969792527108725,
3.9648915787985475,
3.9649042705851865,
3.9649132761234624
],
"TSC1": [
16.23436175654853,
14.545366221414234,
15.1292934799106,
16.117047516985,
17.6548489962383,
18.860076496796417,
19.406429102808524,
19.418892281044737,
19.553863174185448,
19.54592337177477,
19.46549499802292
],
"TSC2": [
14.436490540575937,
14.025761679908754,
13.734394237118732,
13.52807188893433,
13.36207583488737,
13.092020169447542,
12.777638108388388,
12.530051066782768,
12.295719936618692,
12.0957865938695,
11.97049282027543
],
"TSC3": [
3.92727106397069,
4.0416444946202885,
4.148298447606551,
4.302717169307618,
4.4894813310986414,
4.678628078852064,
4.832613235892951,
4.978793105040761,
5.139266636057982,
5.290886543704408,
5.427534794706409
],
"TSC4a": [
1.2793210110653301,
1.1151469577328383,
1.0036946437938625,
0.915225318439766,
0.8397230459590985,
0.7733948195077245,
0.7150011638949896,
0.6636832665853889,
0.6182404075283437,
0.5753294828056356,
0.5371074527963519
],
"TSC4b": [
0.0,
0.0,
0.0,
0.0,
0.0,
0.0,
0.0,
0.0,
0.0,
0.0,
0.0
],
"TSLR016": [
0.9437465845273799,
0.8385968009260397,
0.7570295466459898,
0.6852480076468689,
0.621919922779449,
0.5660453180886091,
0.5167759641171172,
0.47340215197625923,
0.4353089105871694,
0.4019412173678605,
0.37298847289431364
],
"TSC1cs": [
6.865145079814564,
10.529068836308307,
11.695866197439695,
11.695555968192973,
11.817533357560928,
11.997259817037559,
12.505985668412357,
13.60605928572702,
14.778297131825925,
16.648934216967337,
13.690246921924027
]
}
}
}